,peptide,HLA,HLA_sequence
0,SDKYGLGY,HLA-A01:01,YFAMYQENMAHTDANTLYIIYRDYTWVARVYRGY
1,QLKEYLFY,HLA-A01:01,YFAMYQENMAHTDANTLYIIYRDYTWVARVYRGY
2,VFDEADRM,HLA-A01:01,YFAMYQENMAHTDANTLYIIYRDYTWVARVYRGY
3,FLDENVHF,HLA-A01:01,YFAMYQENMAHTDANTLYIIYRDYTWVARVYRGY
4,VFDVGALL,HLA-A01:01,YFAMYQENMAHTDANTLYIIYRDYTWVARVYRGY
5,HTDDPLTW,HLA-A01:01,YFAMYQENMAHTDANTLYIIYRDYTWVARVYRGY
6,SFTHPTSF,HLA-A01:01,YFAMYQENMAHTDANTLYIIYRDYTWVARVYRGY
7,LIDDNDLY,HLA-A01:01,YFAMYQENMAHTDANTLYIIYRDYTWVARVYRGY
8,ETELDGLR,HLA-A01:01,YFAMYQENMAHTDANTLYIIYRDYTWVARVYRGY
9,TESKFSKY,HLA-A01:01,YFAMYQENMAHTDANTLYIIYRDYTWVARVYRGY
